municipio_ciudad;departamento;tarifa
SAN ANTONIO DE PEREIRA;Antioquia;10200
ABEJORRAL ;Antioquia;13000
ALEJANDRÍA ;Antioquia;13000
ALTAMIRA ;Antioquia;13000
AMAGÁ ;Antioquia;13000
AMALFI ;Antioquia;13000
ANDES ;Antioquia;13000
ANGELOPÓLIS ;Antioquia;13000
ANGOSTURA ;Antioquia;13000
ANORÍ  ;Antioquia;13000
ANZA  ;Antioquia;13000
APARTADÓ  ;Antioquia;10200
ARBOLETES ;Antioquia;13000
ARGELIA ;Antioquia;13000
ARMENIA MANTEQUILLA ;Antioquia;13000
BARBOSA  ;Antioquia;10200
BELLO  ;Antioquia;10200
BELMIRA ;Antioquia;13000
BETANIA ;Antioquia;13000
BETULIA ;Antioquia;13000
BOLOMBOLO ;Antioquia;13000
BRICEÑO  ;Antioquia;13000
BURITICÁ  ;Antioquia;13000
CÁCERES ;Antioquia;13000
CAICEDO ;Antioquia;13000
CALDAS  ;Antioquia;10200
CAMPAMENTO  ;Antioquia;13000
CAÑASGORDAS ;Antioquia;13000
CARACOLÍ ;Antioquia;13000
CARAMANTA  ;Antioquia;13000
CAREPA  ;Antioquia;10200
CARMEN DE VIBORAL  ;Antioquia;10200
CAROLINA DEL PRINCIPE ;Antioquia;13000
CAUCASIA  ;Antioquia;10200
CHIGORODO  ;Antioquia;10200
CISNEROS ;Antioquia;13000
CIUDAD BOLÍVAR ;Antioquia;13000
COCORNÁ ;Antioquia;13000
CONCEPCIÓN ;Antioquia;13000
CONCORDIA ;Antioquia;13000
COPACABANA  ;Antioquia;10200
CURRULAO  ;Antioquia;10200
DABEIBA ;Antioquia;13000
DON MATÍAS ;Antioquia;13000
DORADAL ;Antioquia;13000
EBÉJICO ;Antioquia;13000
EL BAGRE ;Antioquia;13000
EL PEÑOL ;Antioquia;13000
EL REPOSO ZONA URABA  ;Antioquia;10200
EL RETIRO  ;Antioquia;10200
EL TOTUMO  ;Antioquia;10200
EL TOTUMO ZONA URABA ;Antioquia;10200
EL TRES ZONA URABA   ;Antioquia;10200
ENTRERRIOS ;Antioquia;13000
ENVIGADO  ;Antioquia;10200
FREDONIA ;Antioquia;13000
FRONTINO ;Antioquia;13000
GIRALDO ;Antioquia;13000
GIRARDOTA  ;Antioquia;10200
GÓMEZ PLATA ;Antioquia;13000
GRANADA ;Antioquia;13000
GUADALUPE ;Antioquia;13000
GUARNE  ;Antioquia;10200
GUATAPÉ ;Antioquia;13000
HELICONIA ;Antioquia;13000
HISPANIA ;Antioquia;13000
ITAGÜÍ  ;Antioquia;10200
JARDÍN ;Antioquia;13000
JERICÓ ;Antioquia;13000
LA CEJA  ;Antioquia;10200
LA CRUZADA ;Antioquia;13000
LA ESTRELLA  ;Antioquia;10200
LA PINTADA ;Antioquia;13000
LA SIERRA ;Antioquia;13000
LA TABLAZA  ;Antioquia;10200
LA UNIÓN  ;Antioquia;10200
LIBORINA  ;Antioquia;13000
MACEO ;Antioquia;13000
MARINILLA  ;Antioquia;10200
MEDELLÍN  ;Antioquia;10200
MONTEBELLO ;Antioquia;13000
MUTATÁ ;Antioquia;13000
NARIÑO ;Antioquia;13000
NECOCLÍ  ;Antioquia;10200
NUEVA COLONIA ZONA URABA  ;Antioquia;10200
OLAYA ;Antioquia;13000
PALERMO ;Antioquia;13000
PALMITAS ;Antioquia;13000
PEQUE ;Antioquia;13000
PUEBLORRICO ;Antioquia;13000
PUERTO BERRÍO ;Antioquia;13000
PUERTO BOYACÁ ;Antioquia;13000
PUERTO NARE ;Antioquia;13000
PUERTO TRIUNFO ;Antioquia;13000
PUERTO VALDIVIA ;Antioquia;13000
REMEDIOS ;Antioquia;13000
RIONEGRO  ;Antioquia;10200
SABANALARGA  ;Antioquia;13000
SABANETA  ;Antioquia;10200
SALGAR ;Antioquia;13000
SAN ANDRÉS DE CUERQUIA ;Antioquia;13000
SAN ANTONIO DE PRADO  ;Antioquia;10200
SAN CARLOS ;Antioquia;13000
SAN CRISTOBAL  ;Antioquia;10200
SAN FRANCISCO ;Antioquia;13000
SAN JERÓNIMO ;Antioquia;13000
SAN JOSÉ DE LA MONTAÑA ;Antioquia;13000
SAN JOSÉ DEL NUS ;Antioquia;13000
SAN JUAN DE URABA ;Antioquia;13000
SAN LUIS ;Antioquia;13000
SAN PEDRO DE LOS MILAGROS ;Antioquia;10200
SAN PEDRO DE URABÁ ;Antioquia;13000
SAN RAFAEL ;Antioquia;13000
SAN ROQUE ;Antioquia;13000
SAN VICENTE ;Antioquia;13000
SANTA BÁRBARA ;Antioquia;13000
SANTA ELENA  ;Antioquia;10200
SANTA ISABEL ;Antioquia;13000
SANTA ROSA DE OSOS ;Antioquia;13000
SANTAFE DE ANTIOQUIA ;Antioquia;13000
SANTO DOMINGO ;Antioquia;13000
SANTUARIO  ;Antioquia;10200
SEGOVIA ;Antioquia;13000
SEVILLA ;Antioquia;13000
SONSÓN ;Antioquia;13000
SOPETRÁN ;Antioquia;13000
TÁMESIS ;Antioquia;13000
TARAZÁ ;Antioquia;13000
TARSO ;Antioquia;13000
TITIRIBÍ ;Antioquia;13000
TOLEDO ;Antioquia;13000
TURBO  ;Antioquia;10200
URRAO ;Antioquia;13000
VALDIVIA ;Antioquia;13000
VALPARAISO ;Antioquia;13000
VEGACHÍ ;Antioquia;13000
VENECIA ;Antioquia;13000
VERSALLES ;Antioquia;13000
YALÍ ;Antioquia;13000
YARUMAL ;Antioquia;13000
YOLOMBÓ ;Antioquia;13000
YONDÓ ;Antioquia;10200
ZARAGOZA ;Antioquia;13000
ABRIAQUÍ ;Antioquia ;13000
ITUANGO ;Antioquia  ;13000
ARAUCA ;Arauca;10200
ARAUQUITA ;Arauca;10200
CAÑO LIMÓN ;Arauca;13000
FORTUL ;Arauca;10200
LA ESMERALDA ;Arauca;13000
LA PESQUERA ;Arauca;13000
POZO CARICARE ;Arauca;13000
PUERTO RONDÓN ;Arauca;13000
SARAVENA ;Arauca;10200
TAME ;Arauca;10200
AGUADA DE PABLO ;Atlantico;13000
GALLEGO ;Atlantico;13000
LA PEÑA ;Atlantico;13000
ARROYO DE PIEDRA ;Atlántico;10200
BARANOA  ;Atlántico;10200
BARRANQUILLA  ;Atlántico;10200
CAMPECHE  ;Atlántico;10200
CAMPO DE LA CRUZ ;Atlántico;10200
CANDELARIA  ;Atlántico;10200
CARACOLÍ  ;Atlántico;10200
CASCAJAL ;Atlántico;10200
GALAPA  ;Atlántico;10200
ISABEL LOPEZ ;Atlántico;13000
JUAN DE ACOSTA  ;Atlántico;10200
JUAN MINA ;Atlántico;10200
LOS PENDALES ;Atlántico;13000
LURUACO  ;Atlántico;10200
MALAMBO  ;Atlántico;10200
MANATÍ ;Atlántico;10200
PALMAR DE VARELA  ;Atlántico;10200
PINAR DEL RIO ;Atlántico;13000
PIOJO ;Atlántico;13000
PITAL DE MEGUA ;Atlántico;13000
POLONUEVO ;Atlántico;10200
PONEDERA  ;Atlántico;10200
PUERTO COLOMBIA  ;Atlántico;10200
PUERTO GIRALDO  ;Atlántico;10200
REPELÓN  ;Atlántico;10200
SABANAGRANDE  ;Atlántico;10200
SABANALARGA  ;Atlántico;10200
SALGAR  ;Atlántico;10200
SANTA LUCÍA ;Atlántico;13000
SANTA VERÓNICA  ;Atlántico;10200
SANTO TOMÁS  ;Atlántico;10200
SIBARCO ;Atlántico;13000
SOLEDAD  ;Atlántico;10200
SUAN  ;Atlántico;10200
TUBARÁ  ;Atlántico;10200
USIACURI  ;Atlántico;10200
ACHÍ ;Bolívar;13000
ARARCA ;Bolívar;13000
ARJONA  ;Bolívar;10200
ARROYO DE PIEDRA ;Bolívar;13000
ARROYO HONDO ;Bolívar;13000
BARRANCO ;Bolívar;13000
BAYUNCA  ;Bolívar;10200
CALAMAR  ;Bolívar;10200
CANTAGALLO ;Bolívar;13000
CARTAGENA  ;Bolívar;10200
CLEMENCIA ;Bolívar;10200
ECOPETROL CICUCO ;Bolívar;13000
EL CARMEN DE BOLÍVAR ;Bolívar;13000
EL PEÑÓN ;Bolívar;13000
EL VISO ;Bolívar;13000
GALERAZAMBA ;Bolívar;13000
GAMBOTE ;Bolívar;13000
HATILLO DE LOBA ;Bolívar;13000
HOTEL DECAMERON BARU ;Bolívar;13000
LA BOQUILLA ;Bolívar;10200
LOMITA ARENA ;Bolívar;13000
MAGANGUÉ  ;Bolívar;10200
MAHATES ;Bolívar;13000
MALAGANA ;Bolívar;13000
MAMONAL ;Bolívar;10200
MANZANILLO DEL MAR  ;Bolívar;10200
MARÍA LA BAJA ;Bolívar;13000
MOMPÓS ;Bolívar;13000
MONTE CRISTO ;Bolívar;13000
MORALES ;Bolívar;13000
NOROSÍ ;Bolívar;13000
PASACABALLOS ;Bolívar;10200
PLANTA CAMPOLLO GAMBOTE  ;Bolívar;13000
PONTEZUELA  ;Bolívar;10200
PUERTO BAHIA BARU ;Bolívar;13000
PUERTO RICO  ;Bolívar;13000
PUNTA CANOA  ;Bolívar;10200
REGIDOR ;Bolívar;13000
RÍO VIEJO  ;Bolívar;13000
SAN CAYETANO ;Bolívar;13000
SAN CRISTOBAL ;Bolívar;13000
SAN ESTANISLAO - ARENAL ;Bolívar;13000
SAN JACINTO ;Bolívar;13000
SAN JUAN NEPOMUCENO ;Bolívar;13000
SAN MARTÍN ;Bolívar;13000
SANTA ANA ;Bolívar;13000
SANTA CATALINA  ;Bolívar;10200
SANTA ROSA DE LIMA  ;Bolívar;10200
SANTA ROSA DEL SUR ;Bolívar;13000
SIMITÍ ;Bolívar;13000
SINCERÍN ;Bolívar;13000
SOPLAVIENTO ;Bolívar;13000
TALAIGUA ;Bolívar;13000
TURBACO  ;Bolívar;10200
TURBANA ;Bolívar;13000
VILLANUEVA ;Bolívar;13000
YATI ;Bolívar;10200
ZAMBRANO ;Bolívar;13000
ARENAL DEL SUR ;Bolívar ;13000
SAN PABLO ;Bolívar ;13000
TIQUISIO ;Bolívar ;13000
ALMEIDA ;Boyacá;13000
AQUITANIA ;Boyacá;13000
ARCABUCO  ;Boyacá;8000
BELÉN ;Boyacá;13000
BELENCITO  ;Boyacá;8000
BERBEO ;Boyacá;13000
BETEITIVA ;Boyacá;13000
BOAVITA ;Boyacá;13000
BONZA ;Boyacá;13000
BOYACÁ ;Boyacá;13000
BRICEÑO ;Boyacá;13000
BUENAVISTA ;Boyacá;13000
BUSBANZA ;Boyacá;13000
CALDAS  ;Boyacá;8000
CAMPOHERMOSO ;Boyacá;13000
CERINZA ;Boyacá;13000
CHINAVITÁ ;Boyacá;13000
CHIQUINQUIRÁ  ;Boyacá;8000
CHIQUIZA ;Boyacá;13000
CHISCAS ;Boyacá;13000
CHITA ;Boyacá;13000
CHITARAQUE ;Boyacá;13000
CHIVATA ;Boyacá;13000
CHIVOR ;Boyacá;13000
CIENEGA ;Boyacá;13000
CÓMBITA  ;Boyacá;8000
COPER ;Boyacá;13000
CORRALES ;Boyacá;13000
COVARACHÍA ;Boyacá;13000
CUBARÁ ;Boyacá;13000
CUCAITA  ;Boyacá;8000
CUITIVA ;Boyacá;13000
DUITAMA  ;Boyacá;8000
EL COCUY ;Boyacá;13000
EL ESPINO ;Boyacá;13000
EL MANZANO ;Boyacá;13000
FIRAVITOBA ;Boyacá;13000
FLORESTA ;Boyacá;13000
GACHANTIVÁ ;Boyacá;13000
GARAGOA  ;Boyacá;8000
GUACAMAYAS ;Boyacá;13000
GUATEQUE  ;Boyacá;8000
GUAYATA ;Boyacá;13000
GÜICÁN ;Boyacá;13000
IZA ;Boyacá;13000
JENESANO  ;Boyacá;8000
JERICÓ ;Boyacá;13000
LA CAPILLA ;Boyacá;13000
LA UVITA ;Boyacá;13000
LA VICTORIA ;Boyacá;13000
LABRANZAGRANDE ;Boyacá;13000
MACANAL ;Boyacá;13000
MARIPÍ ;Boyacá;13000
MIRAFLORES ;Boyacá;13000
MONGUA ;Boyacá;13000
MONGUÍ ;Boyacá;13000
MONIQUIRÁ  ;Boyacá;8000
MORCA ;Boyacá;13000
MOTAVITA ;Boyacá;8000
MUZO ;Boyacá;13000
NAZARETH  ;Boyacá;8000
NOBSA  ;Boyacá;8000
NUEVO COLÓN ;Boyacá;13000
OICATÁ  ;Boyacá;8000
OTANCHE ;Boyacá;13000
PACHAVITA ;Boyacá;13000
PÁEZ ;Boyacá;13000
PAIPA  ;Boyacá;8000
PAJARITO ;Boyacá;13000
PANQUEBA ;Boyacá;13000
PAUNA ;Boyacá;13000
PAYA ;Boyacá;13000
PAZ DE RÍO ;Boyacá;13000
PESCA ;Boyacá;13000
PISBA ;Boyacá;13000
PUENTE BOYACÁ ;Boyacá;13000
PUERTO BOYACÁ  ;Boyacá;8000
PUERTO SERVIEZ ;Boyacá;13000
QUIPAMA ;Boyacá;13000
RAMIRIQUÍ  ;Boyacá;8000
RÁQUIRA  ;Boyacá;8000
RONDÓN ;Boyacá;13000
SABOYÁ  ;Boyacá;8000
SÁCHICA  ;Boyacá;8000
SAMACÁ  ;Boyacá;8000
SAN EDUARDO ;Boyacá;13000
SAN JOSÉ DE PARE  ;Boyacá;8000
SAN LUIS DE GACENO ;Boyacá;13000
SAN MATEO ;Boyacá;13000
SAN MIGUEL DE SEMA ;Boyacá;13000
SAN PABLO DE BORBUR ;Boyacá;13000
SAN PEDRO DE IGÜAQUE ;Boyacá;13000
SANTA MARÍA ;Boyacá;13000
SANTA ROSA DE VITERBO  ;Boyacá;8000
SANTA SOFÍA ;Boyacá;13000
SANTANA  ;Boyacá;8000
SATIVANORTE ;Boyacá;13000
SATIVASUR ;Boyacá;13000
SIACHOQUE ;Boyacá;13000
SOATÁ ;Boyacá;13000
SOCHA ;Boyacá;13000
SOCOTÁ ;Boyacá;13000
SOGAMOSO  ;Boyacá;8000
SOMONDOCO ;Boyacá;13000
SORA  ;Boyacá;8000
SORACÁ  ;Boyacá;8000
SOTAQUIRÁ  ;Boyacá;8000
SUSACÓN ;Boyacá;13000
SUTAMARCHÁN  ;Boyacá;8000
SUTATENZA ;Boyacá;13000
TASCO ;Boyacá;13000
TENZA ;Boyacá;13000
TIBANÁ ;Boyacá;13000
TIBASOSA  ;Boyacá;8000
TIERRANEGRA ;Boyacá;13000
TINJACÁ  ;Boyacá;8000
TIPACOQUE ;Boyacá;13000
TOCA ;Boyacá;13000
TOGÜÍ ;Boyacá;13000
TÓPAGA ;Boyacá;13000
TOTA ;Boyacá;13000
TUNJA  ;Boyacá;8000
TUNUNGÚA ;Boyacá;13000
TURMEQUÉ ;Boyacá;13000
TUTA  ;Boyacá;8000
TUTAZÁ ;Boyacá;13000
ÚMBITA ;Boyacá;13000
VENTAQUEMADA ;Boyacá;13000
VILLA DE LEYVA  ;Boyacá;8000
VIRACACHA ;Boyacá;13000
ZETAQUIRA ;Boyacá;13000
GAMEZA ;Boyacá ;13000
VASCONIA ;Boyacá ;13000
MESITAS DEL COLEGIO ;C/marca;13000
SAN ANTONIO DEL TEQUENDAMA ;C/marca;13000
AGUADAS ;Caldas;13000
ANSERMA  ;Caldas;10200
ARANZAZU ;Caldas;13000
ARAUCA  ;Caldas;10200
ARMA ;Caldas;13000
BELALCAZAR ;Caldas;13000
BOLIVIA ;Caldas;13000
CHINCHINÁ ;Caldas;10200
FILADELFIA ;Caldas;13000
GUARINOCITO ;Caldas;8000
KILÓMETRO 41  ;Caldas;10200
LA DORADA  ;Caldas;8000
LA FELISA ;Caldas;13000
LA MERCED ;Caldas;13000
MANIZALES  ;Caldas;10200
MANZANARES ;Caldas;13000
MARMATO ;Caldas;13000
MARQUETALIA ;Caldas;13000
MARULANDA ;Caldas;13000
NEIRA ;Caldas;13000
NORCASIA ;Caldas;13000
PÁCORA ;Caldas;13000
PALESTINA  ;Caldas;10200
PENSILVANIA ;Caldas;13000
RIOSUCIO  ;Caldas;10200
RISARALDA  ;Caldas;10200
SALAMINA ;Caldas;13000
SAMANÁ ;Caldas;13000
SAMARIA ;Caldas;13000
SAN FELIX ;Caldas;13000
SAN JOSÉ ;Caldas;13000
SANTAGUEDA ;Caldas;10200
SUPÍA  ;Caldas;10200
VICTORIA ;Caldas;13000
VILLA MARÍA  ;Caldas;10200
VITERBO ;Caldas;10200
EL PAUJIL ;Caqueta;13000
EL TRIUNFO ;Caqueta;13000
ALBANIA ;Caquetá;13000
BELÉN DE ANDAQUÍES ;Caquetá;13000
CARTAGENA DEL CHAIRA ;Caquetá;13000
CURILLO ;Caquetá;13000
EL DONCELLO ;Caquetá;13000
FLORENCIA  ;Caquetá;8000
LA MONTAÑITA ;Caquetá;13000
MORELIA ;Caquetá;13000
PUERTO RICO ;Caquetá;13000
SAN JOSÉ DEL FRAGUA ;Caquetá;13000
SAN VICENTE DEL CAGUÁN ;Caquetá;13000
AGUACLARA ;Casanare;13000
AGUAZUL  ;Casanare;8000
ARAGUANEY ;Casanare;13000
CUPIAGUA ;Casanare;13000
CUSIANA ;Casanare;13000
EL CHARTE ;Casanare;13000
EL MOLINO ;Casanare;13000
HATO COROZAL ;Casanare;13000
LA CHAPARRERA ;Casanare;13000
LA SALINA ;Casanare;13000
MANÍ ;Casanare;13000
MONTERREY  ;Casanare;8000
MORICHAL ;Casanare;13000
NUNCHIA ;Casanare;13000
OROCUÉ ;Casanare;13000
PAZ DE ARIPORO ;Casanare;13000
PORE ;Casanare;10200
RECETOR ;Casanare;13000
SABANALARGA ;Casanare;13000
SÁCAMA ;Casanare;13000
SAN LUIS DE PALENQUE ;Casanare;13000
TÁMARA ;Casanare;13000
TAURAMENA ;Casanare;8000
TRINIDAD ;Casanare;13000
VILLANUEVA  ;Casanare;8000
YOPAL  ;Casanare;8000
YOPALOSA ;Casanare;13000
ALMAGUER ;Cauca;13000
ARGELIA ;Cauca;13000
BALBOA ;Cauca;13000
BELALCÁZAR ;Cauca;13000
BOLÍVAR ;Cauca;13000
BUENOS AIRES ;Cauca;13000
CAJIBÍO ;Cauca;13000
CALDONO ;Cauca;13000
CALIBIO ;Cauca;13000
CALOTO  ;Cauca;10200
COCONUCO ;Cauca;13000
CORINTO  ;Cauca;10200
EL BORDO ;Cauca;13000
EL ESTRECHO ;Cauca;13000
EL HORMIGUERO  ;Cauca;13000
EL TAMBO ;Cauca;13000
FLORENCIA ;Cauca;13000
GUACHENÉ ;Cauca;13000
INZA ;Cauca;13000
JAMBALÓ ;Cauca;13000
LA SIERRA ;Cauca;13000
MANDIVA ;Cauca;13000
MERCADERES ;Cauca;13000
MIRANDA  ;Cauca;10200
MONDOMO ;Cauca;13000
MORALES ;Cauca;13000
ORTIGAL  ;Cauca;13000
PADILLA ;Cauca;13000
PÁEZ ;Cauca;13000
PATIA ;Cauca;13000
PEDREGAL ;Cauca;13000
PESCADOR ;Cauca;13000
PIEDRA SENTADA ;Cauca;13000
PIENDAMÓ  ;Cauca;10200
PLATEADO ;Cauca;13000
POPAYÁN  ;Cauca;10200
PUERTO TEJADA  ;Cauca;10200
PURACÉ ;Cauca;13000
RIO BLANCO ;Cauca;13000
ROSAS ;Cauca;13000
SANTANDER DE QUILICHAO  ;Cauca;10200
SILVIA ;Cauca;13000
SOTARÁ ;Cauca;13000
SUÁREZ ;Cauca;13000
TIMBA ;Cauca;13000
TIMBÍO ;Cauca;13000
TOTORÓ ;Cauca;13000
TUNÍA ;Cauca;13000
VILLARRICA  ;Cauca;10200
AGUACHICA  ;Cesar;10200
ARJONA ;Cesar;13000
ASTREA ;Cesar;13000
AYACUCHO ;Cesar;13000
BECERRIL  ;Cesar;10200
BOSCONIA  ;Cesar;10200
CARACOLICITO ;Cesar;13000
CASACARA ;Cesar;10200
CHIMICHAGUA ;Cesar;13000
CHIRIGUANÁ ;Cesar;10200
CODAZZI  ;Cesar;10200
COPEY  ;Cesar;10200
CUATRO VIENTOS ;Cesar;13000
CURUMANÍ ;Cesar;13000
EL PASO ;Cesar;13000
GAMARRA  ;Cesar;10200
GONZÁLEZ ;Cesar;13000
HACIENDA OLEOFLORES ;Cesar;13000
LA GLORIA ;Cesar;13000
LA JAGUA DE IBIRICO  ;Cesar;10200
LA LOMA  ;Cesar;10200
LA PAZ  ;Cesar;10200
LOMA CALENTURAS ;Cesar;13000
LOMA LINDA ;Cesar;13000
LOS ROBLES  ;Cesar;10200
MANAURE BALCÓN DEL CESAR ;Cesar;13000
MINA CMU ;Cesar;13000
MINA EL HATILLO ;Cesar;13000
MINA LA FRANCIA ;Cesar;13000
NORIÁN ;Cesar;13000
PAILITAS ;Cesar;10200
PALMAS MONTE CARMELO ;Cesar;13000
PALMERA CICARARE ;Cesar;13000
PELAYA ;Cesar;13000
RINCÓN HONDO ;Cesar;13000
RÍO DE ORO  ;Cesar;10200
SAN ALBERTO  ;Cesar;10200
SAN DIEGO  ;Cesar;10200
SAN MARTÍN  ;Cesar;10200
SAN ROQUE ;Cesar;13000
VALLEDUPAR  ;Cesar;10200
TAMALAMEQUE ;Cesar ;13000
ANDAGOYA ;Choco;13000
CARMEN DE ATRATO ;Choco;13000
LAS ÁNIMAS ;Choco;13000
NOVITA ;Choco;13000
ÁNIMAS ;Chocó;13000
CÉRTEGUI ;Chocó;13000
CONDOTO ;Chocó;13000
EL CARMEN DE ATRATO ;Chocó;13000
ISTMINA ;Chocó;13000
LA Y ;Chocó;13000
QUIBDÓ ;Chocó;10200
TADÓ ;Chocó;13000
TUTUNENDO ;Chocó;13000
UNIÓN PANAMERICANA ;Chocó;13000
YUTO ;Chocó;13000
AYAPEL ;Córdoba;13000
BERASTEGUI  ;Córdoba;10200
BUENAVISTA ;Córdoba;13000
CANALETE ;Córdoba;13000
CARRILLO ;Córdoba;13000
CERETÉ  ;Córdoba;10200
CERROMATOSO ;Córdoba;13000
CHIMÁ ;Córdoba;13000
CHINÚ  ;Córdoba;10200
CIENAGA DE ORO  ;Córdoba;10200
COTORRA ;Córdoba;13000
EL VIAJANO ;Córdoba;13000
LA APARTADA  ;Córdoba;10200
LA YE  ;Córdoba;10200
LORICA  ;Córdoba;10200
LOS CÓRDOBAS ;Córdoba;13000
LOS GARZONES  ;Córdoba;10200
MATEO GOMEZ  ;Córdoba;10200
MOCARI  ;Córdoba;10200
MOMIL ;Córdoba;13000
MOÑITOS ;Córdoba;13000
MONTELIBANO  ;Córdoba;10200
MONTERÍA  ;Córdoba;10200
PLANETA RICA  ;Córdoba;10200
PUEBLO NUEVO  ;Córdoba;10200
PUERTO ESCONDIDO ;Córdoba;13000
PUERTO LIBERTADOR ;Córdoba;13000
PURÍSIMA ;Córdoba;13000
RETIRO DE LOS INDIOS ;Córdoba;10200
SAHAGÚN  ;Córdoba;10200
SAN ANDRÉS DE SOTAVENTO ;Córdoba;13000
SAN ANTERO  ;Córdoba;10200
SAN BERNARDO DEL VIENTO ;Córdoba;13000
SAN JOSÉ DE URE ;Córdoba;13000
SAN PELAYO  ;Córdoba;10200
TIERRA ALTA ;Córdoba;13000
TUCHÍN ;Córdoba;13000
VALENCIA ;Córdoba;13000
AGUA DE DIOS ;Cundinamarca;8000
ALBÁN ;Cundinamarca;8000
ANAPOIMA ;Cundinamarca;8000
ANOLAIMA ;Cundinamarca;13000
APULO ;Cundinamarca;8000
ARBELÁEZ ;Cundinamarca;10200
BELTRÁN ;Cundinamarca;13000
BITUIMA ;Cundinamarca;13000
BOGOTÁ D.C. ;Cundinamarca;5600
BOJACÁ ;Cundinamarca;8000
BRICEÑO  ;Cundinamarca;5600
CABRERA ;Cundinamarca;13000
CACHIPAY ;Cundinamarca;13000
CAJICÁ  ;Cundinamarca;5600
CAPARRAPÍ ;Cundinamarca;13000
CAPELLANÍA ;Cundinamarca;13000
CÁQUEZA ;Cundinamarca;13000
CARMEN DE CARUPA ;Cundinamarca;13000
CHÍA ;Cundinamarca;5600
CHINAUTA ;Cundinamarca;8000
CHIPAQUE ;Cundinamarca;13000
CHOACHÍ ;Cundinamarca;13000
CHOCONTÁ  ;Cundinamarca;8000
CHUSACÁ;Cundinamarca;13000
COGUA  ;Cundinamarca;5600
COTA  ;Cundinamarca;5600
CUCUNUBÁ ;Cundinamarca;13000
EL COLEGIO ;Cundinamarca;13000
EL GUAVIO ;Cundinamarca;13000
EL MUÑA  ;Cundinamarca;5600
EL PEÑÓN ;Cundinamarca;13000
EL ROSAL  ;Cundinamarca;5600
EL SISGA ;Cundinamarca;13000
EL TRIUNFO ;Cundinamarca;13000
FACATATIVÁ  ;Cundinamarca;5600
FÓMEQUE ;Cundinamarca;13000
FOSCA ;Cundinamarca;13000
FUNZA  ;Cundinamarca;5600
FÚQUENE ;Cundinamarca;13000
FUSAGASUGA  ;Cundinamarca;8000
GACHALÁ ;Cundinamarca;13000
GACHANCIPÁ  ;Cundinamarca;8000
GACHETÁ ;Cundinamarca;13000
GAMA ;Cundinamarca;13000
GIRARDOT  ;Cundinamarca;8000
GRANADA ;Cundinamarca;8000
GUACHETÁ ;Cundinamarca;13000
GUADUAS ;Cundinamarca;8000
GUASCA ;Cundinamarca;13000
GUATAQUÍ ;Cundinamarca;13000
GUATAVITA ;Cundinamarca;13000
GUAYABAL DE SIQUIMA ;Cundinamarca;13000
GUAYABETAL ;Cundinamarca;13000
GUTIÉRREZ ;Cundinamarca;13000
JUNÍN ;Cundinamarca;13000
LA CALERA  ;Cundinamarca;5600
LA CARO  ;Cundinamarca;5600
LA FLORIDA ;Cundinamarca;13000
LA MESA ;Cundinamarca;8000
LA PALMA ;Cundinamarca;13000
LA PEÑA ;Cundinamarca;13000
LA PUNTA  ;Cundinamarca;5600
LA VEGA  ;Cundinamarca;8000
LARGA ;Cundinamarca;13000
LENGUAZAQUE ;Cundinamarca;13000
MACHETÁ ;Cundinamarca;13000
MADRID  ;Cundinamarca;5600
MANTA ;Cundinamarca;13000
MEDINA ;Cundinamarca;13000
MOSQUERA  ;Cundinamarca;5600
NARIÑO ;Cundinamarca;13000
NEMOCÓN ;Cundinamarca;8000
NILO ;Cundinamarca;13000
NIMAIMA ;Cundinamarca;13000
NOCAIMA ;Cundinamarca;13000
PACHO ;Cundinamarca;13000
PAIME ;Cundinamarca;13000
PANDI ;Cundinamarca;13000
PARATEBUENO ;Cundinamarca;8000
PASCA ;Cundinamarca;13000
PUENTE DE PIEDRA  ;Cundinamarca;8000
PUERTO BOGOTÁ ;Cundinamarca;8000
PUERTO SALGAR  ;Cundinamarca;8000
PULÍ ;Cundinamarca;13000
QUETAME ;Cundinamarca;10200
QUIPILE ;Cundinamarca;13000
RICAURTE ;Cundinamarca;8000
SAN BERNARDO ;Cundinamarca;13000
SAN CAYETANO ;Cundinamarca;13000
SAN FRANCISCO ;Cundinamarca;13000
SAN JUAN DE RÍO SECO ;Cundinamarca;13000
SAN JUAN DE SUMAPAZ ;Cundinamarca;13000
SANTANDERCITO ;Cundinamarca;13000
SASAIMA ;Cundinamarca;8000
SESQUILÉ ;Cundinamarca;13000
SIBATÉ  ;Cundinamarca;5600
SILVANIA ;Cundinamarca;8000
SIMIJACA  ;Cundinamarca;8000
SOACHA  ;Cundinamarca;5600
SOPÓ  ;Cundinamarca;5600
SUBACHOQUE  ;Cundinamarca;8000
SUBIA ;Cundinamarca;8000
SUESCA ;Cundinamarca;8000
SUPATÁ ;Cundinamarca;13000
SUSA ;Cundinamarca;8000
SUTATAUSA ;Cundinamarca;8000
TABIO  ;Cundinamarca;5600
TAUSA ;Cundinamarca;8000
TENA ;Cundinamarca;13000
TENJO  ;Cundinamarca;5600
TIBACUY ;Cundinamarca;13000
TIBAQUI ;Cundinamarca;13000
TIBIRITA ;Cundinamarca;13000
TOCAIMA ;Cundinamarca;8000
TOCANCIPÁ  ;Cundinamarca;5600
TOPAIPÍ ;Cundinamarca;13000
UBALÁ ;Cundinamarca;13000
UBAQUE ;Cundinamarca;13000
UBATÉ  ;Cundinamarca;8000
UNE ;Cundinamarca;13000
USME  ;Cundinamarca;5600
ÚTICA ;Cundinamarca;13000
VENECIA ;Cundinamarca;13000
VERGARA ;Cundinamarca;13000
VIANÍ ;Cundinamarca;13000
VILLA GÓMEZ ;Cundinamarca;13000
VILLAPINZÓN  ;Cundinamarca;8000
VILLETA  ;Cundinamarca;8000
VIOTÁ ;Cundinamarca;13000
YACOPÍ ;Cundinamarca;13000
ZIPACÓN ;Cundinamarca;13000
ZIPAQUIRÁ  ;Cundinamarca;5600
ALBANIA  ;Guajira;10200
ALBANIA CAMPAMENTO LA ROSITA ;Guajira;13000
ALBANIA HOTEL WAYA ;Guajira;13000
BARRANCAS  ;Guajira;10200
BUENAVISTA  ;Guajira;10200
CAMPANA  ;Guajira;13000
CUESTECITA  ;Guajira;10200
DIBULLA ;Guajira;13000
DISTRACCIÓN  ;Guajira;10200
EL MOLINO  ;Guajira;10200
FONSECA  ;Guajira;10200
GESELCA  ;Guajira;13000
GUAYACANAL  ;Guajira;10200
HATO NUEVO  ;Guajira;10200
LA JAGUA DEL PILAR  ;Guajira;10200
LAS FLORES ;Guajira;13000
MAICAO  ;Guajira;10200
MANAURE ;Guajira;13000
MINGUEO  ;Guajira;10200
OREGANAL  ;Guajira;10200
PALOMINO ;Guajira;13000
PAPAYAL  ;Guajira;10200
PARAGUACHÓN ;Guajira;13000
PUERTO BRISA ;Guajira;13000
RIOANCHO ;Guajira;13000
RIOHACHA  ;Guajira;10200
SAN JUAN DEL CESAR  ;Guajira;10200
URIBIA ;Guajira;13000
URUMITA  ;Guajira;10200
VILLA NUEVA  ;Guajira;10200
LA PUNTA ;Guajira ;13000
MINA EL CERREJÓN ;Guajira ;13000
SAN JOSÉ DEL GUAVIARE ;Guaviare;13000
ACEVEDO ;Huila;13000
AGRADO ;Huila;13000
AIPE ;Huila;13000
ALGECIRAS ;Huila;13000
ALTAMIRA  ;Huila;10200
BARAYA ;Huila;13000
BELÉN ;Huila;13000
BETANIA ;Huila;13000
BRUSELAS ;Huila;13000
CAMPOALEGRE  ;Huila;10200
COLOMBIA ;Huila;13000
ECOPETROL KM. 17 ;Huila;13000
EL CAGUÁN  ;Huila;8000
EL JUNCAL ;Huila;13000
FORTALECILLAS ;Huila;8000
GARZÓN  ;Huila;8000
GIGANTE  ;Huila;10200
GUADALUPE ;Huila;13000
HOBO  ;Huila;10200
IQUIRA ;Huila;13000
ISNOS ;Huila;13000
KILÓMETRO 12 VÍA AL SUR ;Huila;13000
LA ARGENTINA ;Huila;13000
LA JAGUA ;Huila;8000
LA PLATA  ;Huila;8000
LA ULLOA ;Huila;13000
MESA DE ELIAS ;Huila;13000
NATAGÁ ;Huila;13000
NEIVA  ;Huila;8000
OPORAPA ;Huila;13000
PAICOL  ;Huila;10200
PALERMO ;Huila;13000
PALESTINA ;Huila;13000
PITAL ;Huila;13000
PITALITO  ;Huila;8000
RIVERA  ;Huila;10200
SALADOBLANCO ;Huila;13000
SAN AGUSTÍN  ;Huila;10200
SANTA MARÍA ;Huila;13000
SUAZA ;Huila;13000
TARQUI ;Huila;13000
TELLO ;Huila;13000
TERUEL ;Huila;13000
TESALIA  ;Huila;10200
TIMANÁ  ;Huila;10200
TRES ESQUINAS ;Huila;13000
VILLA VIEJA ;Huila;13000
YAGUARÁ ;Huila;13000
EL DIFÍCIL / ARIGUANÍ  ;Magd.;10200
ALGARROBO ;Magdalena;13000
ARACATACA  ;Magdalena;10200
BURITACÁ ;Magdalena;13000
CALABAZO ;Magdalena;10200
CERRO DE SAN ANTONIO ;Magdalena;13000
CHIBOLO ;Magdalena;13000
CIENAGA  ;Magdalena;10200
CONCORDIA ;Magdalena;13000
CORDOBITA ;Magdalena;10200
DRUMOND ;Magdalena;10200
EL BANCO ;Magdalena;13000
EL PIÑÓN ;Magdalena;13000
EL RETÉN  ;Magdalena;13000
EL RODADERO  ;Magdalena;10200
FUNDACIÓN  ;Magdalena;10200
GAIRA  ;Magdalena;10200
GUACAMAYAL ;Magdalena;13000
GUACHACA ;Magdalena;13000
GUAMAL ;Magdalena;13000
LA GRAN VÍA ;Magdalena;13000
MEDIALUNA ;Magdalena;13000
MINCA ;Magdalena;13000
NUEVA GRANADA ;Magdalena;13000
ORIHUECA ;Magdalena;13000
PALERMO  ;Magdalena;10200
PEDRAZA ;Magdalena;13000
PIVIJAY ;Magdalena;13000
PLATO ;Magdalena;13000
PUEBLITO LOS ANDES ;Magdalena;13000
PUEBLO NUEVO  ;Magdalena;10200
PUEBLO VIEJO ;Magdalena;10200
PUERTO NUEVO ;Magdalena;10200
RIOFRÍO  ;Magdalena;10200
SALAMINA ;Magdalena;13000
SAN ÁNGEL ;Magdalena;13000
SAN SEBASTIÁN ;Magdalena;13000
SANTA ANA ;Magdalena;13000
SANTA MARTA  ;Magdalena;10200
SEVILLA ZONA BANANERA ;Magdalena;13000
SITIO NUEVO ;Magdalena;13000
TAGANGA  ;Magdalena;10200
TENERIFE ;Magdalena;13000
TUCURINCA  ;Magdalena;10200
ACACIAS  ;Meta;8000
APIAY  ;Meta;8000
BARRANCA DE UPIA ;Meta;13000
CASTILLA LA NUEVA ;Meta;13000
CHICHIMENE ;Meta;13000
CUBARRAL ;Meta;13000
CUMARAL  ;Meta;8000
EL CASTILLO ;Meta;13000
EL DORADO ;Meta;13000
FUENTE DE ORO ;Meta;13000
GRANADA  ;Meta;8000
GUAMAL  ;Meta;8000
LA CUNCIA ;Meta;13000
LA MACARENA ;Meta;13000
LEJANÍAS ;Meta;13000
MEDELLÍN DEL ARIARI ;Meta;13000
MESETAS ;Meta;13000
PACHAQUIARO  ;Meta;8000
POMPEYA ;Meta;13000
PUERTO CONCORDIA ;Meta;13000
PUERTO GAITÁN ;Meta;13000
PUERTO LLERAS ;Meta;13000
PUERTO LÓPEZ ;Meta;8000
PUERTO RICO ;Meta;13000
PUNTA BRAVA ;Meta;13000
RESTREPO  ;Meta;8000
SAN JUAN DE ARAMA ;Meta;13000
SAN MARTÍN  ;Meta;8000
VILLA CAROLA ;Meta;13000
VILLAVICENCIO  ;Meta;8000
VISTA HERMOSA ;Meta;13000
ALDANA ;Nariño;13000
ANCUYA ;Nariño;13000
ANGANOY  ;Nariño;10200
ARBOLEDA ;Nariño;13000
ARGÜELLO ALTO ;Nariño;13000
ARIZONA ;Nariño;13000
BAJO CASANARE ;Nariño;13000
BARBACOAS ;Nariño;13000
BELÉN ;Nariño;13000
BERMEJAL ;Nariño;13000
BERRUECOS ;Nariño;13000
BOTANILLA  ;Nariño;10200
BRUSELAS ;Nariño;13000
BUESACO ;Nariño;13000
BUESAQUILLO  ;Nariño;10200
CABRERA  ;Nariño;10200
CANCHALA  ;Nariño;10200
CARLOSAMA ;Nariño;13000
CATAMBUCO  ;Nariño;10200
CEROTAL ;Nariño;13000
CHACHAGÜÍ  ;Nariño;10200
CHAPACUAL ;Nariño;13000
CHORRILLO ;Nariño;13000
CIMARRONES ;Nariño;13000
COLÓN GENOVA ;Nariño;13000
CONSACÁ ;Nariño;13000
CÓRDOBA ;Nariño;13000
CRUZ ARADA ;Nariño;13000
CRUZ DE AMARILLO ;Nariño;10200
CUASPUD ;Nariño;13000
CUBIJAN  BAJO ;Nariño;10200
CUJACAL  ;Nariño;10200
CUJACAL BAJO ;Nariño;13000
CUJACAL CENTRO ;Nariño;13000
CUMBAL ;Nariño;10200
CUMBITARA ;Nariño;13000
DOLORES ;Nariño;13000
EL BAJITO  ;Nariño;10200
EL CAMPANERO ;Nariño;13000
EL CAPULI ;Nariño;13000
EL CHARCO ;Nariño;13000
EL CONTADERO ;Nariño;13000
EL ENCANO ;Nariño;13000
EL ESPINO ;Nariño;13000
EL PEÑOL ;Nariño;13000
EL REMOLINO ;Nariño;13000
EL ROSARIO ;Nariño;13000
EL TABLÓN ;Nariño;13000
EL TAMBO ;Nariño;13000
ESPRIELLA ;Nariño;13000
FRANCISCO PIZARRO ;Nariño;13000
FUNES ;Nariño;13000
GÉNOVA ;Nariño;13000
GRANADILLO DE CHÁVEZ ;Nariño;13000
GRANADILLO DE LUNAS ;Nariño;13000
GUACHAVÉS ;Nariño;13000
GUACHUCAL ;Nariño;10200
GUAIRABAMBA ;Nariño;13000
GUAITARILLA ;Nariño;13000
GUALMATÁN ;Nariño;13000
GUALMATÁN ALTO ;Nariño;13000
GUANAMA ;Nariño;13000
GUAYABAL ;Nariño;13000
ILES ;Nariño;13000
IMUÉS ;Nariño;13000
INNATAS BAJO ;Nariño;13000
IPIALES  ;Nariño;10200
ISCUANDÉ ;Nariño;13000
JUNÍN ;Nariño;13000
JURADO ;Nariño;13000
LA ALIANZA ;Nariño;13000
LA CRUZ ;Nariño;13000
LA ESTANCIA ;Nariño;13000
LA FLORIDA ;Nariño;13000
LA GUAYACANA ;Nariño;13000
LA LAGUNA ;Nariño;13000
LA LLANADA ;Nariño;13000
LA PALMA ;Nariño;13000
LA TOLA ;Nariño;13000
LA UNIÓN  ;Nariño;10200
LA VICTORIA ;Nariño;13000
LAS LAJAS  ;Nariño;10200
LAS MESAS ;Nariño;13000
LEIVA ;Nariño;13000
LINARES ;Nariño;13000
LLORENTE ;Nariño;13000
LOS ANDES ;Nariño;13000
LOS ÁNGELES ;Nariño;13000
MAGÜÍ PAYÁN ;Nariño;13000
MALLAMA ;Nariño;13000
MAPACHICO ALTO ;Nariño;13000
MAPACHICO BAJO ;Nariño;13000
MAPACHICO SAN JOSÉ ;Nariño;13000
MENESES DE HURTADO ;Nariño;13000
MOCONDINO  ;Nariño;13000
MOHECHIZA BAJO ;Nariño;13000
MOSQUERA ;Nariño;13000
MOTILÓN ;Nariño;13000
NARANJAL ;Nariño;13000
NARIÑO ;Nariño;13000
OBANDO ;Nariño;13000
OLAYA HERRERA ;Nariño;13000
OSPINA ;Nariño;13000
PASIZARA ;Nariño;13000
PASTO  ;Nariño;10200
PEDREGAL  ;Nariño;10200
PEJENDINO REYES ;Nariño;13000
PIEDRA ANCHA ;Nariño;13000
PILCUAN  ;Nariño;10200
POLACHAYAN ;Nariño;13000
POLICARPA ;Nariño;13000
POTOSÍ ;Nariño;13000
PROVIDENCIA ;Nariño;13000
PUERRES ;Nariño;13000
PUPIALES  ;Nariño;10200
RICAURTE ;Nariño;13000
ROBERTO PAYÁN ;Nariño;13000
SALAHONDA ;Nariño;13000
SAMANIEGO ;Nariño;13000
SAN ANTONIO DE ARANDA ;Nariño;13000
SAN BERNARDO ;Nariño;13000
SAN FERNANDO  ;Nariño;10200
SAN FRANCISCO  ;Nariño;10200
SAN JOSÉ ;Nariño;13000
SAN JOSÉ DE ALBÁN ;Nariño;13000
SAN JOSÉ DE COAPITAS ;Nariño;13000
SAN JOSÉ DE CÓRDOBA ;Nariño;13000
SAN JUAN  ;Nariño;10200
SAN JUAN ANGANOY  ;Nariño;10200
SAN LORENZO ;Nariño;13000
SAN PABLO ;Nariño;13000
SAN PEDRO DE CARTAGO ;Nariño;13000
SANDONÁ  ;Nariño;10200
SANTA BÁRBARA DE ISCUANDÉ ;Nariño;13000
SANTACRUZ GUACHAVÉZ ;Nariño;13000
SAPUYES ;Nariño;13000
SOTOMAYOR ;Nariño;13000
SUCUMBIOS  ;Nariño;13000
TABLÓN DE GÓMEZ ;Nariño;13000
TAMINANGO ;Nariño;13000
TANGUA  ;Nariño;10200
TESCUAL  ;Nariño;10200
TUMACO  ;Nariño;10200
TÚQUERRES  ;Nariño;10200
VILLA MORENO  ;Nariño;13000
YACUANQUER ;Nariño;13000
LAS MERCEDES ;Norte de S/der.;13000
PUERTO SANTANDER ;Norte Sant.;13000
ÁBREGO  ;Norte Santander;13000
AGUA CLARA ;Norte Santander;13000
ARBOLEDAS ;Norte Santander;13000
ASTILLEROS ;Norte Santander;13000
BOCHALEMA ;Norte Santander;13000
BUCARASICA ;Norte Santander;13000
CÁCHIRA ;Norte Santander;13000
CACOTA ;Norte Santander;13000
CHINACOTA ;Norte Santander;13000
CHITAGÁ ;Norte Santander;13000
CONVENCIÓN ;Norte Santander;13000
CÚCUTA  ;Norte Santander;10200
CUCUTILLA ;Norte Santander;13000
DURANIA ;Norte Santander;13000
EL CARMEN ;Norte Santander;13000
EL ZULIA  ;Norte Santander;10200
GRAMALOTE ;Norte Santander;13000
HERRÁN ;Norte Santander;13000
LA DONJUANA ;Norte Santander;13000
LA PARADA  ;Norte Santander;10200
LA PLAYA ;Norte Santander;13000
LABATECA ;Norte Santander;13000
LOS PATIOS  ;Norte Santander;10200
LOURDES ;Norte Santander;13000
MUTISCUA ;Norte Santander;13000
OCAÑA  ;Norte Santander;10200
PAMPLONA  ;Norte Santander;10200
PAMPLONITA ;Norte Santander;13000
RAGONVALIA ;Norte Santander;13000
SALAZAR ;Norte Santander;13000
SAN CALIXTO ;Norte Santander;13000
SAN CAYETANO ;Norte Santander;13000
SAN FAUSTINO ;Norte Santander;13000
SANTIAGO ;Norte Santander;13000
SARDINATA ;Norte Santander;13000
SILOS ;Norte Santander;13000
TEORAMA ;Norte Santander;13000
TIBÚ ;Norte Santander;13000
TOLEDO ;Norte Santander;13000
VILLA CARO ;Norte Santander;13000
VILLA DEL ROSARIO  ;Norte Santander;10200
COLÓN ;Putumayo;10200
EL TIGRE ;Putumayo;13000
LA DORADA ;Putumayo;13000
LA HORMIGA ;Putumayo;13000
LA TAGUA ;Putumayo;13000
MOCOA ;Putumayo;13000
ORITO ;Putumayo;13000
PUERTO ASÍS ;Putumayo;13000
PUERTO CAICEDO ;Putumayo;13000
PUERTO GUZMÁN ;Putumayo;13000
PUERTO LEGUIZAMO ;Putumayo;13000
SAN FRANCISCO ;Putumayo;10200
SAN MIGUEL ;Putumayo;13000
SANTIAGO ;Putumayo;10200
SIBUNDOY ;Putumayo;10200
VALLE DEL GUAMUEZ ;Putumayo;13000
VILLA GARZÓN ;Putumayo;13000
LA BELLA ;Quindio;13000
LA SILVIA ;Quindio;13000
LA VIRGINIA ;Quindio;13000
ARMENIA  ;Quindío;10200
BARCELONA ;Quindío;13000
BARRAGÁN ;Quindío;13000
BUENAVISTA ;Quindío;13000
CALARCÁ  ;Quindío;10200
CIRCASIA  ;Quindío;10200
FILANDIA ;Quindío;13000
GÉNOVA ;Quindío;13000
LA TEBAIDA  ;Quindío;10200
MONTENEGRO  ;Quindío;10200
PIJAO ;Quindío;13000
QUIMBAYA  ;Quindío;10200
SALENTO ;Quindío;13000
CÓRDOBA ;Quindío ;13000
ALTAGRACIA ;Risaralda;13000
APIA ;Risaralda;13000
ARABIA ;Risaralda;13000
BALBOA ;Risaralda;13000
BELÉN DE UMBRIA ;Risaralda;10200
CERRITOS  ;Risaralda;10200
DOSQUEBRADAS  ;Risaralda;10200
GUATICA  ;Risaralda;10200
IRRA  ;Risaralda;10200
LA CELIA ;Risaralda;13000
LA FLORIDA ;Risaralda;13000
LA VIRGINIA  ;Risaralda;10200
MARSELLA ;Risaralda;13000
MISTRATO ;Risaralda;13000
PEREIRA  ;Risaralda;10200
PUEBLO RICO ;Risaralda;13000
QUINCHÍA  ;Risaralda;10200
SAN CLEMENTE  ;Risaralda;10200
SANTA ROSA DE CABAL  ;Risaralda;10200
SANTUARIO ;Risaralda;13000
EL CARMEN DE CHUCURÍ ;S/der.;13000
AGUADA ;Santander;13000
ARATOCA  ;Santander;10200
BARBOSA  ;Santander;8000
BARICHARA  ;Santander;10200
BARRANCABERMEJA  ;Santander;10200
BERLÍN ;Santander;13000
BETULIA ;Santander;13000
BOLÍVAR ;Santander;13000
BUCARAMANGA  ;Santander;10200
CABRERA ;Santander;13000
CALIFORNIA ;Santander;13000
CAMPO 23 ;Santander;13000
CAPITANEJO ;Santander;13000
CARCASÍ ;Santander;13000
CERRITO ;Santander;13000
CHARALÁ ;Santander;10200
CHARTA ;Santander;13000
CHIMA ;Santander;13000
CHIPATÁ ;Santander;13000
CIMITARRA ;Santander;13000
CONCEPCIÓN ;Santander;10200
CONFINES ;Santander;13000
CONTRATACIÓN ;Santander;13000
COROMORO ;Santander;13000
CURITÍ  ;Santander;10200
EL CENTRO ;Santander;13000
EL GUACAMAYO ;Santander;13000
EL LLANITO ;Santander;13000
EL PEÑÓN ;Santander;13000
EL PLAYÓN  ;Santander;10200
ENCINO ;Santander;13000
ENCISO ;Santander;13000
FLORIÁN ;Santander;13000
GALÁN ;Santander;13000
GAMBITA ;Santander;13000
GIRÓN ;Santander;10200
GUACA ;Santander;13000
GUADALUPE ;Santander;13000
GUAPOTA ;Santander;13000
GUAVATÁ ;Santander;13000
GUEPSA  ;Santander;8000
HATO ;Santander;13000
HIDROSOGAMOSO  ;Santander;10200
JESUS MARÍA ;Santander;13000
LA BELLEZA ;Santander;13000
LA ESPERANZA ;Santander;10200
LA FORTUNA ;Santander;10200
LA MATA  ;Santander;10200
LA MESA DE LOS SANTOS ;Santander;13000
LA PAZ ;Santander;13000
LA PLAYA ;Santander;13000
LANDÁZURI ;Santander;13000
LEBRIJA  ;Santander;10200
LOS SANTOS ;Santander;13000
MACARAVITA ;Santander;13000
MÁLAGA ;Santander;10200
MATANZA ;Santander;13000
MOGOTES ;Santander;13000
MOLAGAVITA ;Santander;13000
OCAMONTE ;Santander;13000
OIBA  ;Santander;10200
OLIVAL ;Santander;13000
ONZAGA ;Santander;13000
PALMAR ;Santander;13000
PALMAS DEL SOCORRO ;Santander;13000
PÁRAMO ;Santander;13000
PESCADERO  ;Santander;10200
PIE DE CUESTA  ;Santander;10200
PINCHOTE  ;Santander;10200
PUENTE NACIONAL  ;Santander;8000
PUENTE SOGAMOSO ;Santander;13000
PUERTO ARAUJO ;Santander;13000
PUERTO PARRA ;Santander;13000
PUERTO WILCHES ;Santander;13000
RIONEGRO  ;Santander;10200
SABANA DE TORRES ;Santander;13000
SAN ANDRÉS ;Santander;10200
SAN BENITO ;Santander;13000
SAN GIL  ;Santander;10200
SAN JOAQUÍN ;Santander;13000
SAN JOSÉ DE MIRANDA ;Santander;10200
SAN VICENTE DE CHUCURÍ ;Santander;10200
SANTA BÁRBARA ;Santander;13000
SIMACOTA ;Santander;13000
SOCORRO  ;Santander;10200
SUAITA ;Santander;13000
SUCRE ;Santander;13000
SURATÁ ;Santander;13000
TONA ;Santander;13000
VADO REAL ;Santander;13000
VALLE DE SAN JOSÉ ;Santander;10200
VÉLEZ  ;Santander;8000
VETAS ;Santander;13000
VILLANUEVA ;Santander;10200
YARIMA ;Santander;13000
ZAPATOCA ;Santander;10200
FLORIDABLANCA ;Santander ;10200
BETULIA ;Sucre;13000
BUENAVISTA  ;Sucre;10200
CAIMITOS ;Sucre;13000
CHALÁN ;Sucre;13000
CHOCHÓ ;Sucre;13000
COLOSO ;Sucre;13000
COROZAL  ;Sucre;10200
COVEÑAS  ;Sucre;10200
EL ROBLE ;Sucre;13000
GALERAS ;Sucre;13000
GUARANDA ;Sucre;13000
LA UNIÓN ;Sucre;13000
LOS PALMITOS  ;Sucre;10200
MAJAGUAL ;Sucre;13000
MORROA  ;Sucre;10200
OVEJAS ;Sucre;13000
PALMITOS ;Sucre;13000
SAMPUÉS  ;Sucre;10200
SAN BENITO ;Sucre;13000
SAN MARCOS ;Sucre;13000
SAN ONOFRE ;Sucre;13000
SAN PEDRO  ;Sucre;10200
SINCE ;Sucre;13000
SINCELEJO  ;Sucre;10200
TOLÚ  ;Sucre;10200
TOLUVIEJO  ;Sucre;10200
ALPUJARRA ;Tolima;13000
ALVARADO  ;Tolima;10200
AMBALEMA ;Tolima;13000
ANAIME ;Tolima;13000
ANZOÁTEGUI ;Tolima;13000
ARMERO - GUAYABAL  ;Tolima;8000
ATACO ;Tolima;13000
BUENOS AIRES  ;Tolima;8000
CAJAMARCA ;Tolima;13000
CARMEN DE APICALA ;Tolima;13000
CASABIANCA ;Tolima;13000
CASTILLA  ;Tolima;8000
CHAPARRAL  ;Tolima;8000
CHICORAL  ;Tolima;8000
COELLO ;Tolima;13000
COELLO COCORA ;Tolima;13000
COYAIMA ;Tolima;13000
CUNDAY ;Tolima;13000
DOIMA ;Tolima;13000
DOLORES ;Tolima;13000
EL CONVENIO  ;Tolima;10200
EL TOTUMO ;Tolima;13000
ESPINAL  ;Tolima;8000
FALAN ;Tolima;13000
FLANDES  ;Tolima;8000
FRESNO  ;Tolima;8000
GUALANDAY  ;Tolima;8000
GUAMO  ;Tolima;8000
HERRERA ;Tolima;13000
HERVEO ;Tolima;13000
HONDA  ;Tolima;8000
IBAGUÉ  ;Tolima;8000
ICONONZO ;Tolima;13000
JUNTAS ;Tolima;13000
LA CHAMBA ;Tolima;13000
LA PALMITA ;Tolima;13000
LA SIERRA  ;Tolima;10200
LERIDA  ;Tolima;10200
LIBANO  ;Tolima;8000
LLANITOS ;Tolima;13000
MARIQUITA  ;Tolima;10200
MELGAR  ;Tolima;8000
MURILLO ;Tolima;13000
NATAGAIMA  ;Tolima;10200
ORTEGA  ;Tolima;10200
PADUA ;Tolima;13000
PALOCABILDO ;Tolima;13000
PAYANDE ;Tolima;13000
PICALEÑA  ;Tolima;8000
PIEDRAS ;Tolima;13000
PLANADAS ;Tolima;13000
PLANTA CEMEX / Caracolito ;Tolima;13000
PLANTA CEMEX / Gualanday ;Tolima;13000
PLAYA RICA ;Tolima;13000
PRADO  ;Tolima;8000
PURIFICACIÓN  ;Tolima;10200
RIOBLANCO ;Tolima;13000
RONCESVALLES ;Tolima;13000
ROVIRA ;Tolima;13000
SALDAÑA  ;Tolima;8000
SAN ANTONIO ;Tolima;13000
SAN FELIPE  ;Tolima;8000
SAN LUIS ;Tolima;13000
SANTA ISABEL ;Tolima;13000
SUÁREZ ;Tolima;13000
TOLEMAIDA  ;Tolima;8000
VALLE DE SAN JUAN ;Tolima;13000
VENADILLO  ;Tolima;8000
VILLA HERMOSA ;Tolima;13000
VILLA RESTREPO ;Tolima;13000
VILLARRICA  ;Tolima;13000
ALCALÁ  ;Valle;10200
AMAIME  ;Valle;10200
ANDALUCÍA  ;Valle;10200
ANSERMA NUEVO  ;Valle;10200
ARGELIA ;Valle;13000
BOLÍVAR ;Valle;13000
BOLO ALISAL - Palmira ;Valle;13000
BOLO ITALIA / Palmira ;Valle;13000
BOLO SAN ISIDRO - Palmira ;Valle;13000
BUENAVENTURA  ;Valle;10200
BUGA  ;Valle;10200
BUGALAGRANDE  ;Valle;10200
CAICEDONIA  ;Valle;10200
CALI  ;Valle;10200
CANDELARIA  ;Valle;10200
CARTAGO  ;Valle;10200
CAUCASECO - PALMIRA ;Valle;13000
CAVASA  ;Valle;10200
CISNEROS  ;Valle;10200
CIUDAD DEL CAMPO - PALMIRA ;Valle;10200
COSTA RICA ;Valle;13000
DAGUA ;Valle;13000
DAPA ;Valle;13000
DARIÉN ;Valle;13000
EL AGUILA ;Valle;13000
EL CABUYAL  ;Valle;13000
EL CAIRO ;Valle;13000
EL CARMELO  ;Valle;10200
EL CARMEN / Km. 30 ;Valle;13000
EL CERRITO  ;Valle;10200
EL DOVIO ;Valle;13000
EL PLACER  ;Valle;10200
EL QUEREMAL ;Valle;13000
EL SALADITO ;Valle;13000
FELIDIA - CALI ;Valle;13000
FLORIDA  ;Valle;10200
GINEBRA  ;Valle;10200
GUACARÍ  ;Valle;10200
GUANABANAL /  PALMIRA ;VALLE;13000
INGENIO CARMELITA ;Valle;13000
INGENIO DEL CAUCA INCAUCA ;Valle;13000
INGENIO LA CABAÑA ;Valle;13000
INGENIO MANUELITA ;Valle;13000
INGENIO MARIA LUISA ;Valle;13000
INGENIO MAYAGUEZ ;Valle;13000
INGENIO PICHICHI ;Valle;13000
INGENIO PROVIDENCIA ;Valle;13000
INGENIO SAN CARLOS ;Valle;13000
INGENIO SEMICAÑA ;Valle;13000
JAMUNDÍ  ;Valle;10200
JUANCHITO / CALI ;Valle;10200
LA BUITRERA / Cali ;Valle;13000
LA CUMBRE ;Valle;13000
LA DOLORES / Palmira ;Valle;13000
LA ELVIRA / Cali ;Valle;13000
LA HERRADURA / Palmira ;Valle;13000
LA PAILA  ;Valle;10200
LA UNIÓN  ;Valle;10200
LA URIBE  ;Valle;10200
LA VICTORIA  ;Valle;10200
LOBOGUERRERO  ;Valle;10200
MEDIA CANOA ;Valle;13000
MONTEBELLO / Cali ;Valle;13000
MULALÓ / Yumbo ;Valle;13000
OBANDO  ;Valle;10200
PALMASECA / Palmira ;Valle;10200
PALMIRA  ;Valle;10200
PANCE / Cali ;Valle;13000
PAVAS ;Valle;13000
POTRERITO - Jamundi ;Valle;13000
PRADERA  ;Valle;10200
PRESIDENTE  ;Valle;10200
RESTREPO ;Valle;13000
RIOFRÍO ;Valle;13000
ROLDANILLO  ;Valle;10200
ROZO ;Valle;10200
SAN MARCOS ;Valle;13000
SAN PEDRO  ;Valle;10200
SANTA ELENA / Palmira ;Valle;13000
SEVILLA  ;Valle;10200
SONSO ;Valle;13000
TABLONES / Palmira ;Valle;13000
TIENDA NUEVA ;Valle;13000
TORO  ;Valle;10200
TRUJILLO ;Valle;13000
TULUÁ  ;Valle;10200
ULLOA ;Valle;13000
VERSALLES ;Valle;13000
VIJES ;Valle;13000
VILLA GORGONA   ;Valle;10200
YOTOCO ;Valle;13000
YUMBO  ;Valle;10200
ZARAGOZA  ;Valle;10200
ZARZAL  ;Valle;10200